City,Address
Sofia,Vasil Levski 144 blvd
Sofia,Brussels 50 blvd
Sofia,Alexander Malinov 33 blvd
Varna,Slivnitsa 49 A blvd
Varna,Tsar Simeon 6 str
Burgas,General Gurko 7 str
Sozopol,Mayak 2 str
Dobrich,Rusiya 2 blvd
Ruse,Tsar Osvoboditel 19? blvd
Svishtov,20 Dimitar Anev str
Pleven,1 Alexander Stamoliyski str
Veliko Tarnovo,13 Akatsiya str
Stara Zagora,9 Hrishtiyan Voivoda str
Sliven,5 Dimitar Pehlivanov str
Dimitrovgrad,3 Ivan Vazov str
Kardzhali,28 G.S.Rakovski str
Smolyan,27 Petko R. Slaveykov str
Blagoevgrad,1 Krali Marko blvd
Vidin,60 Knyaz Batenberg str.
Vratsa,66 Vtori yuni str
Botevgrad,14 Sransk square
Plovdiv,1A Vasil Kolarov str
Plovdiv,7 Stanislav Dospevski str
Plovdiv,94 General Danail Nikolaev str
Pazardzhik,4B Han Krum str
Shumen,31 Buzludzha str
